Group ID,Dataset,Entity ID,Entity name,address,city,company_owner,country,email,industry_sector,phone,Group size,Name similarity
157,D1,3,Adventure Gear Co.,555 Adventure St,Outdoor City,Explorer Jane,ExploreLand,info@adventuregear.com,Retail,6655443322,2,0.75
157,D1,4,Adventure Gear Company,555 Adventure Street,Outdoor City,Explorer Jane,ExploreLand,contact@adventuregear.com,Retail,6655443322,2,0.75
158,D1,330,Casey Builders,814 Builder Street,Constructopolis,Jordan Casey,Buildland,contact@caseybuilders.com,Construction,5566778899,2,0.75
158,D1,331,Casey Builders Inc.,820 Builder Avenue,Constructopolis,Jamie Casey,Buildland,info@caseybuilders.com,Construction,5566778897,2,0.75
159,D1,1006,GreenPower Solutions,456 Eco Rd,GreenCity,Eco Light,EcoWorld,contact@greenpowersolutions.com,Renewable Energy,9988773344,2,0.75
159,D1,1007,GreenPower Solutons,456 Eco Road,GreenCity,Eco Light,EcoWorld,info@greenpowersolutions.com,Renewable Energy,9988773344,2,0.75
160,D1,1079,Health Solutions Ltd.,812 Health Blvd,Health City,Caregiver Heal,Healthland,contact@healthsolutions.health,Healthcare,9988776657,2,0.75
160,D2,1074,Health Solutons Ltd.,812 Health Blvd,Health City,Caregiver Heal,Healthland,contact@healthsolutions.health,Healthcare,9988776657,2,0.75
161,D1,1518,Smart Solutons,4040 Smart Avenue,Tech City,Smart Guru,Techland,contact@smartsolutions.com,Technology,6655667788,2,0.75
161,D1,1519,Smart Solutons Inc.,4040 Smart Avenue,Tech City,Smart Guru,Techland,info@smartsolutons.com,Technology,6655667788,2,0.75
162,D2,1880,Urban Planners,405 Build St,Construct City,Morgan Plan,BuildLand,info@urbanplanners.com,Construction,2233445571,2,0.75
162,D1,1873,Urban Planners Inc.,405 Build St,Construct City,Morgan Plan,BuildLand,contact@urbanplanners.com,Construction,2233445571,2,0.75
163,D2,214,Breeze Energi Solutions,1300 Windy Lane,BreezyTown,Breeze Holdings,Windland,info@breezeenergysolutions.com,Renewable Energy,2345678906,2,0.75
163,D2,215,Breeze Energy Solutions,1300 Windy Lane,BreezyTown,Breeze Holdings,Windland,contact@breezeenergysolutions.com,Renewable Energy,2345678906,2,0.75
155,D2,926,Green Fields Agriculture,56 Greenway,Greenville,Hank Field,Farmville,contact@greenfieldsagri.com,Agriculture,1122334466,2,0.76
155,D1,934,Green Fieldz Agriculture,56 Greenway,Greenville,Hank Field,Farmville,contact@greenfieldsagri.com,Agriculture,1122334466,2,0.76
156,D2,1146,Innovate Tech Solutions,123 Tech Ave,Innovate City,Jordan Solution,TechLand,solutions@innovate.com,Technology,1234567899,2,0.76
156,D1,1178,Innovative Tech Solutions,131 Tech Avenue,Innovate City,Jordan Lee,Techland,solutions@innovativetech.com,Technology,1234567898,2,0.76
153,D2,1552,SolarTech Innovations,404 Solar Ave.,SunCity,Eco Innovations,EcoLand,contact@solartech.com,Energy,1100778899,2,0.7619047619047619
153,D1,1551,SolarTech Innovatons,404 Solar Avenue,SunCity,Eco Innovations,EcoLand,info@solartech.com,Energy,1100778899,2,0.7619047619047619
154,D2,1940,WaterTech Innovations,789 Water Lane,Hydro City,Jordan Blue,Waterland,support@watertech.water,Utilities,1122334458,2,0.7619047619047619
154,D2,1941,WaterTech Innovatons,789 Water Lane,Hydro City,Jordan Blue,Waterland,support@watertech.water,Utilities,1122334458,2,0.7619047619047619
149,D1,682,Epicurean Escapade,708 Gourmet Avenue,FoodTown,Grace Purple,TasteLand,contact@epicureanescapade.com,Hospitality,7890123460,2,0.7647058823529411
149,D2,702,Epicurean Escape,708 Gourmet Ave,FoodTown,Grace Purple,TasteLand,info@epicureanescape.com,Hospitality,7890123460,2,0.7647058823529411
150,D2,795,FlavorBurst Snacks,2222 Crunch St,Flavor City,Jamie Spice,Gourmetland,info@flavorburst.snack,Food & Beverage,1999000222,2,0.7647058823529411
150,D1,781,FlavorBurst Snax,2222 Crunch St,Flavor City,Jamie Spice,Gourmetland,contact@flavorburst.snack,Food & Beverage,1999000222,2,0.7647058823529411
151,D1,815,Foodies Delight,800 Gourmet Rd,Foodtown,Chef Cook,Culinaryland,info@foodiesdelight.fb,Food & Beverage,6677889900,2,0.7647058823529411
151,D2,820,Foodies Delight Inc.,800 Gourmet Rd,Food City,Gourmet Group,Cuisineland,contact@foodiesdelight.com,Food & Beverage,1666777888,2,0.7647058823529411
152,D2,909,Green Defenders,1200 Green St,Eco City,Planet Champion,Sustainia,hello@greendefenders.com,Environment,7766554433,2,0.7647058823529411
152,D1,910,Green Defenders Inc.,1200 Green Street,Eco City,Planet Champion,Sustainia,contact@greendefenders.com,Environment,7766554433,2,0.7647058823529411
146,D2,249,Build It Quick,760 Build Blvd,Construct City,Taylor Builder,Buildland,quick@builditquick.com,Construction,1667788998,2,0.7692307692307693
146,D1,246,Build It Quik,760 Build Blvd,Construct City,Taylor Builder,Buildland,quick@builditquik.com,Construction,1667788998,2,0.7692307692307693
147,D2,745,FashionPioneers,422 Trend Blvd,Fashion City,Jordan Trend,Trendland,support@fashionpioneers.retail,Retail,5566778802,2,0.7692307692307693
147,D1,729,FashionPioners,422 Trend Blvd,Fashion City,Jordan Trend,Trendland,support@fashionpioners.retail,Retail,5566778802,2,0.7692307692307693
148,D1,918,Green Energy,456 Solar St,Eco Town,Eco Group,Greenland,contact@greenenergy.com,Energy,9876543210,2,0.7692307692307693
148,D1,920,Green Energy Co,456 Solar St,Eco City,Sam Green,Greenland,contact@greenenergyco.com,Energy,9876543210,2,0.7692307692307693
143,D2,234,BrightFutre Education,321 Knowledge Avenue,EduCity,Liam Johnson,LearnLand,info@brightfuture.edu,Education,1234567891,2,0.7727272727272727
143,D1,224,BrightFuture Education,321 Knowledge Ave,EduCity,Liam Johnson,LearnLand,contact@brightfuture.edu,Education,1234567891,2,0.7727272727272727
144,D2,351,CityBuild Developments,607 Build Street,Construct City,Builder Strong,USA,info@citybuild.construct,Construction,4455667788,2,0.7727272727272727
144,D2,352,CityBuild Devlopments,607 Build St.,Construct City,Builder Strong,USA,contact@citybuild.construct,Construction,4455667788,2,0.7727272727272727
145,D2,1478,SkyReach Manufacturing,414 Sky St.,SkyCity,Sky Engineer,SkyLand,manufacturing@skyreach.com,Manufacturing,9900990021,2,0.7727272727272727
145,D2,1479,SkyReach Manufcturing,414 Sky St.,SkyCity,Sky Engineer,SkyLand,contact@skyreach.com,Manufacturing,9900990021,2,0.7727272727272727
138,D2,289,BuildSmart Innov8tions Ltd.,203 Build Lane,Constructopolis,Builder Alice,Buildland,innov8tions@buildsmart.com,Construction,6667778889,2,0.7777777777777778
138,D1,290,BuildSmart Innovations Ltd.,203 Build Lane,Constructopolis,Builder Alice,Buildland,innovations@buildsmart.com,Construction,6667778889,2,0.7777777777777778
139,D1,438,Digital Dynamics,753 Tech Park,InnovateCity,Sam Digital,Techland,info@digitaldynamics.com,Technology,6677889900,2,0.7777777777777778
139,D2,459,Digital Dynamics Inc.,606 Tech Park,InnovateCity,Dana Digital,Techland,info@digitaldynamics.com,Technology,9638527411,2,0.7777777777777778
140,D2,1305,Motorway Mechanics,803 Motorway,Autotown,Mr. Quick,Carland,service@motorwaymech.com,Automotive,5566778899,2,0.7777777777777778
140,D1,1307,Motorway Mechaniqs,803 Motorway,Autotown,Mr. Quick,Carland,contact@motorwaymech.com,Automotive,5566778899,2,0.7777777777777778
141,D2,1494,Skyline Holdings,410 Build St,Construct City,Taylor Erect,BuildLand,holdings@skyline.com,Finance,2233445576,2,0.7777777777777778
141,D1,1498,Skyline Holdings Inc.,410 Build St,Construct City,Taylor Erect,BuildLand,contact@skyline.com,Finance,2233445576,2,0.7777777777777778
142,D2,1054,Health & Wellness,1500 Wellness Way,HealthCity,Nina Health,WellnessLand,support@healthwellness.com,Healthcare,134455667,2,0.7777777777777778
142,D2,1055,Health & Wellness Inc.,1500 Wellness Way,HealthCity,Nina Health,WellnessLand,support@healthwellnessinc.com,Healthcare,134455667,2,0.7777777777777778
136,D1,213,Bright Horizon Academy,406 Knowledge Blvd,Learnville,Clever Hawk,EduNation,contact@brighthorizons.edu,Education,8899001144,2,0.782608695652174
136,D1,216,Bright Horizonz Academy,406 Knowledge Blvd,Learnville,Clever Hawk,EduNation,info@brighthorizons.edu,Education,8899001144,2,0.782608695652174
137,D1,820,ForestEdge Lumber Co.,174 Timber Trail,Woodland,Bark Wood,Leafland,info@forestedgelumber.com,Manufacturing,4455667812,2,0.782608695652174
137,D2,826,ForestEdge Lumber Company,174 Timber Trl,Woodland,Bark Wood,Leafland,contact@forestedgelumber.com,Manufacturing,4455667812,2,0.782608695652174
135,D2,448,DesertSun Solar,186 Sunbeam Blvd,Desert City,Sunny Ray,Sunland,info@desertsun.solar,Energy,4455667813,2,0.7857142857142857
135,D2,449,DesertSun Solr,186 Sunbeam Blvd,Desert City,Sunny Ray,Sunland,contact@desertsun.solar,Energy,4455667813,2,0.7857142857142857
133,D2,840,FreshFarm Produce,707 Farm Lane,Harvest,Farmer Fresh,Agroland,contact@freshfarm.produce,Agriculture,1112131415,2,0.7894736842105263
133,D2,841,FreshFarm Produce Inc.,707 Farm Lane,Harvest,Farmer Fresh,Agroland,info@freshfarm.produce,Agriculture,1112131415,2,0.7894736842105263
134,D2,1166,Innovative Motors,1005 Drive Lane,AutoCity,Jill Red,CarLand,contact@innovativemotors.com,Automotive,123456789,2,0.7894736842105263
134,D2,1167,Innovative Motors Inc.,1005 Drive Lane,AutoCity,Jill Red,CarLand,info@innovativemotors.com,Automotive,123456789,2,0.7894736842105263
129,D2,377,Construct Fast,761 Build Blvd,Construct City,Jordan Builder,Buildland,fast@constructfast.com,Construction,1667788999,3,0.7947368421052632
129,D1,371,Construct It Fast,766 Build Blvd,Construct City,Jordan Construct,Buildland,fast@constructitfast.com,Construction,1667788904,3,0.7947368421052632
129,D1,372,Construct It Fast Ltd.,766 Build Blvd,Construct City,Jordan Construct,Buildland,info@constructitfast.com,Construction,1667788904,3,0.7947368421052632
130,D1,408,Creative Engines,1005 Drive Lane,AutoCity,Jack Red,CarLand,support@creativeengines.com,Automotive,123456789,2,0.8
130,D1,409,Creative Engins,1005 Drive Lane,AutoCity,Jack Red,CarLand,support@creativeengines.com,Automotive,123456789,2,0.8
131,D2,1492,Skyline Engineering,1417 Tech St,Constructopolis,Alex Skyline,Buildland,support@skylineeng.com,Engineering,2233445578,2,0.8
131,D1,1496,Skyline Engineering Ltd.,1417 Tech St,Constructopolis,Alex Skyline,Buildland,info@skylineeng.com,Engineering,2233445579,2,0.8
132,D2,1849,Urban Builders,600 Build St,Construct City,Builder Bob,Buildland,info@urbanbuilders.com,Construction,6677889900,2,0.8
132,D1,1848,Urban Builders Co.,321 Build Ave,Construct City,Bob Builder,Buildland,contact@urbanbuilders.com,Construction,2233445566,2,0.8
125,D2,608,EcoTech Innovations,204 Tech Ave.,TechVille,Jordan Green,TechLand,support@ecotechinnovations.com,Technology,9900223348,2,0.8095238095238095
125,D1,589,EcoTech Innovations Ltd.,201 Tech Avenue,TechVille,Alex Green,TechLand,support@ecotechinnovations.com,Technology,9900223345,2,0.8095238095238095
126,D1,1807,Transport Solutions,800 Transit Ave,Transport City,Jordan Move,Moveland,contact@transportsolutions.com,Transportation,6677889900,2,0.8095238095238095
126,D2,1800,Transport Solutions Inc,808 Transit Ave,TransportCity,Move Group,MoveLand,contact@transportsolutions.com,Transportation,8901234567,2,0.8095238095238095
127,D1,1937,Waterway Enterprises,321 Canal Street,HydroCity,Jordan River,Aquaterra,contact@waterway.com,Utilities,3344556681,2,0.8095238095238095
127,D1,1938,Waterway Enterprises Ltd.,321 Canal Street,HydroCity,Jordan River,Aquaterra,info@waterway.com,Utilities,3344556682,2,0.8095238095238095
128,D2,103,AquaPure Waterworks,210 Aqua Lane,Watertown,River Brooks,Hydroland,contact@aquapure.water,Utilities,9988776655,2,0.8095238095238095
128,D2,104,AquaPure Waterworks Inc.,654 Aqua Ave,Watertown,River Brooks,Hydroland,contact@aquapure.water,Utilities,9988776655,2,0.8095238095238095
105,D2,44,AgriGrowth Farm Co.,654 Harvest Road,Farmville,Tom Farmer,Agroland,info@agrigrowthfarmco.com,Agriculture,3344556678,3,0.8156862745098039
105,D1,50,AgriGrowth Farms,300 Harvest Rd,Farmville,Farmer Fields,Agroland,support@agrigrowth.farm,Agriculture,1990045678,3,0.8156862745098039
105,D2,46,AgriGrowth Farmz,78 Harvest Road,Farmville,Farmer Fields,Agroland,info@agrigrowth.farmz,Agriculture,3344556677,3,0.8156862745098039
121,D1,674,EnergySecure,369 Power Ave,Energy City,Chris Cyan,Powerland,contact@energysecure.com,Energy,1122446688,2,0.8181818181818182
121,D2,689,EnergySecurr,369 Power Avenue,Energy City,Chris Cyan,Powerland,contact@energysecure.com,Energy,1122446688,2,0.8181818181818182
122,D1,1419,Seas the Dae,2324 Surf St,Wave City,Morgan Bay,Marineland,contact@seastheday.com,Marine,1765432123,2,0.8181818181818182
122,D2,1445,Seas the Day,2324 Surf St,Wave City,Morgan Bay,Marineland,hello@seastheday.com,Marine,1765432123,2,0.8181818181818182
123,D1,1634,Sustainable Ventures,123 Green Rd,EcoCity,Olivia Green,Sustainland,contact@sustainableventures.com,Energy,9876543210,2,0.8181818181818182
123,D1,1635,Sustainable Ventures Ltd.,123 Green Road,EcoCity,Olivia Green,Sustainland,info@sustainableventures.com,Energy,9876543210,2,0.8181818181818182
116,D1,1352,Quantum Innovations,456 Future Lane,Techville,Alexis Quantum,Futuristan,info@quantuminnovations.com,Information Technology,1234567891,4,0.8230331262939958
116,D2,1362,Quantum Innovations,130 Innovation Drive,Techville,Jordan Quantum,Futuristan,contact@quantuminnovations.com,Information Technology,1234567897,4,0.8230331262939958
116,D1,1353,Quantum Innovations Inc.,138 Innovation Drive,Techville,Alexis Quantum,Futuristan,inc@quantum.innovations,Information Technology,1234567805,4,0.8230331262939958
116,D2,1363,Quantum Innovations Ltd.,147 Innovation Drive,Techville,Alexis Quantum,Futuristan,info@quantum.innovations,Information Technology,1234567804,4,0.8230331262939958
92,D2,1891,UrbanBuild Construction,400 Build St,Construct City,Builder Bob,Buildland,contact@urbanbuild.con,Construction,1990056789,3,0.8333333333333334
92,D2,1892,UrbanBuild Constructions,987 Build St,Construct City,Bob Builder,Buildland,info@urbanbuildconstructions.com,Construction,4455667788,3,0.8333333333333334
92,D1,1885,UrbanBuild Constructors,321 Build Blvd,Construct City,Builder Bob,Buildland,contact@urbanbuild.con,Construction,1990055667,3,0.8333333333333334
120,D1,805,Food Delights,123 Gourmet St,Food City,Chef Delight,Cuisineland,support@fooddelights.com,Food,8877665544,2,0.8333333333333334
120,D1,806,Food Delightz,123 Gourmet Street,Food City,Chef Delight,Cuisineland,support@fooddelightz.com,Food,8877665544,2,0.8333333333333334
119,D2,1307,Mountain Adventures,808 Summit Street,Adventure City,Morgan Explorer,Explorland,contact@mountainadventures.com,Tourism,1444555666,2,0.8421052631578947
119,D1,1309,Mountain Adventurres,808 Summit St.,Adventure City,Morgan Explorer,Explorland,info@mountainadventures.com,Tourism,1444555666,2,0.8421052631578947
117,D2,700,Epicurean Eats,321 Flavor Blvd,Culinary City,Chef Savory,Foodland,hello@epicureaneats.com,Food & Beverage,6677889903,2,0.8461538461538461
117,D1,680,Epicurean Eatz,321 Flavor Blvd,Culinary City,Chef Savory,Foodland,contact@epicureaneats.com,Food & Beverage,6677889903,2,0.8461538461538461
118,D2,1793,TrackLogistics,1500 Transport Ave,Logi City,Jamie Track,TrackLand,support@tracklogistics.com,Logistics,9900666678,2,0.8461538461538461
118,D1,1801,TrackLogisticz,1500 Transport Avenue,Logi City,Jamie Track,TrackLand,support@tracklogistics.com,Logistics,9900666678,2,0.8461538461538461
49,D1,1146,Innovate Systems,201 Tech Park,Innovate City,Alex Innovate,Techland,info@innovatesystems.com,Technology,1234567891,3,0.8518518518518517
49,D2,1143,Innovate Systems,204 Tech Park,Innovate City,Alex Innovate,Techland,contact@innovatesystems.com,Technology,1234567894,3,0.8518518518518517
49,D1,1147,Innovate Systems Inc.,456 Innovation Blvd,Innovate City,Alex Innovator,TechLand,support@innovatesystems.com,Technology,1122334455,3,0.8518518518518517
33,D1,749,FinServe Bank,808 Money St,Finance City,Morgan Cash,Bankland,contact@finserve.com,Finance,8899001122,3,0.8571428571428571
33,D2,764,FinServe Bank,1100 Money St,Finance City,Alex Finance,Bankland,contact@finservebank.com,Finance,1213141516,3,0.8571428571428571
33,D1,750,FinServe Banking,1200 Money Ave,Finance City,Morgan Cash,Bankland,info@finservebanking.com,Finance,9900112233,3,0.8571428571428571
113,D2,102,AquaPure Waters,789 Water Lane,Hydro City,Chris Blue,Waterland,support@aquapure.water,Utilities,1122334455,2,0.8571428571428571
113,D1,102,AquaPure Waterz,789 Water Lane,Hydro City,Chris Blue,Waterland,support@aquapure.water,Utilities,1122334455,2,0.8571428571428571
114,D2,559,EcoGreen Energi,5678 Solar Road,Green City,Pat Green,Sustainland,info@ecogreen.energy,Energy,1777000222,2,0.8571428571428571
114,D1,552,EcoGreen Energy,5678 Solar Rd,Green City,Pat Green,Sustainland,contact@ecogreen.energy,Energy,1777000222,2,0.8571428571428571
115,D1,1948,WaveNet Systems,1010 Waterfall Way,Watertown,Brooke R. Rivers,Hydroland,info@wavenet.systems,Utilities,9988776655,2,0.8571428571428571
115,D1,1949,WaveNet Systemz,1010 Waterfall Way,Watertown,Brooke R. Rivers,Hydroland,contact@wavenet.systems,Utilities,9988776655,2,0.8571428571428571
88,D1,130,Auto Innovators,666 Drive St,Auto City,Car Creator,Carland,contact@autoinnovators.car,Automotive,9134567890,3,0.8590686274509803
88,D2,136,Auto Innovators Ltd,609 Drive Ave,Car City,Auto Leader,Autoland,ltd@autoinnovators.auto,Automotive,5678901240,3,0.8590686274509803
88,D2,137,Auto Innovators Ltd.,673 Drive St,Auto City,Car Creator,Carland,ltd@autoinnovators.auto,Automotive,9134567897,3,0.8590686274509803
111,D1,1903,UrbanFarmers Colective,714 Farm Lane,Harvest,Farmer Urban,Agroland,info@urbanfarmers.co,Agriculture,1112131421,2,0.8636363636363636
111,D2,1905,UrbanFarmers Collective,714 Farm Lane,Harvest,Farmer Urban,Agroland,contact@urbanfarmers.co,Agriculture,1112131421,2,0.8636363636363636
112,D2,1602,Sustainability Pioneers,1200 Green St,Eco City,Nature Advocate,Sustainia,contact@sustainpioneers.com,Environment,7766554433,2,0.8636363636363636
112,D2,1603,Sustainability Pioners,1200 Green St.,Eco City,Nature Advocate,Sustainia,info@sustainpioneers.com,Environment,7766554433,2,0.8636363636363636
106,D2,423,CrispCraze Foods,2255 Crunch St,Flavor City,Morgan Spice,Gourmetland,contact@crispcraze.foods,Food & Beverage,1999000226,2,0.8666666666666667
106,D1,414,CrispCraze Foodz,2255 Crunch St,Flavor City,Morgan Spice,Gourmetland,info@crispcraze.foods,Food & Beverage,1999000226,2,0.8666666666666667
107,D2,594,EcoLyfe Products,101 Green Street,EcoCity,Sam Eco,EcoLand,info@ecolyfeproducts.com,Consumer Goods,9900112233,2,0.8666666666666667
107,D1,575,EcoLyfe Productz,101 Green St.,EcoCity,Sam Eco,EcoLand,contact@ecolyfeproductz.com,Consumer Goods,9900112233,2,0.8666666666666667
108,D2,661,EduSmart Schools,303 Learning Lane,Eduville,Alex Teach,Learnland,info@edusmart.school,Education,4455667788,2,0.8666666666666667
108,D1,652,EduSmart Schoolz,303 Learning Lane,Eduville,Alex Teach,Learnland,contact@edusmart.school,Education,4455667788,2,0.8666666666666667
109,D1,1023,GreenWave Energi,123 River Rd,Watertown,River Brooks,Hydroland,info@greenwave.energy,Utilities,9988776655,2,0.8666666666666667
109,D1,1024,GreenWave Energy,123 River Road,Watertown,River Brooks,Hydroland,contact@greenwave.energy,Utilities,9988776655,2,0.8666666666666667
110,D1,1452,SkyBound Flights,789 Skyway Blvd,Aero City,Taylor Wing,Flyland,contact@skybound.air,Aviation,1122334455,2,0.8666666666666667
110,D2,1465,SkyBound Flightz,789 Skyway Blvd,Aero City,Taylor Wing,Flyland,contact@skybound.air,Aviation,1122334455,2,0.8666666666666667
17,D2,380,ConstructCo Enterprises,1212 Enterprise Blvd,Enterprise City,Enterprise Builder,USA,info@constructco.enterprises,Construction,1314151617,3,0.875
17,D1,375,ConstructCo Enterprizes,1212 Enterprise Blvd,Enterprise City,Enterprise Builder,USA,contact@constructco.enterprises,Construction,1314151617,3,0.875
17,D2,381,ConstructCo Enterprizes,1212 Enterprise Blvd,Enterprise City,Enterprise Builder,USA,contact@constructco.enterprises,Construction,1314151617,3,0.875
4,D1,105,AquaTech Innovations,654 Waterway Blvd,HydroCity,Jordan River,Aquaterra,service@aquatech.com,Utilities,3344556677,3,0.8787878787878789
4,D2,107,AquaTech Innovations,1122 Waterway Blvd,HydroCity,Jordan Aqua,Aquaterra,info@aquatech.com,Utilities,1314151617,3,0.8787878787878789
4,D1,106,AquaTech Innovations Ltd.,654 Waterway Blvd,HydroCity,Jordan River,Aquaterra,contact@aquatech.com,Utilities,3344556678,3,0.8787878787878789
87,D2,1978,WellnessFirst Health,1400 Wellness Way,HealthCity,Lucas Health,HealthLand,contact@wellnessfirst.com,Healthcare,9900555566,3,0.8787878787878789
87,D1,1986,WellnessFirst HealthCare,1400 Wellness Way,HealthCity,Lucas Health,HealthLand,contact@wellnessfirst.com,Healthcare,9900555566,3,0.8787878787878789
87,D2,1979,WellnessFirst Healthcare,1400 Wellness Way,HealthCity,Lucas Health,HealthLand,info@wellnessfirst.com,Healthcare,9900555566,3,0.8787878787878789
6,D1,202,BlueWave Utilities,321 Ocean Avenue,Watertown,Brook Rivers,Hydroland,contact@bluewave.water,Utilities,9988776655,3,0.8823529411764706
6,D1,203,BlueWave Utility,321 Ocean Ave,Watertown,Brook Rivers,Hydroland,info@bluewave.water,Utilities,9988776655,3,0.8823529411764706
6,D2,212,BlueWave Utility,321 Ocean Ave,Watertown,Brook Rivers,Hydroland,info@bluewave.water,Utilities,9988776655,3,0.8823529411764706
103,D1,602,EcoWealth Partners,802 Finance Ave.,FinanceCity,Jamie Rich,FinanceLand,info@ecowealthpartners.com,Finance,9900889902,2,0.8823529411764706
103,D1,603,EcoWealth Partnerz,802 Finance Avenue,FinanceCity,Jamie Rich,FinanceLand,contact@ecowealthpartnerz.com,Finance,9900889902,2,0.8823529411764706
104,D2,216,BreezeFlow Systems,93 Windy Way,Breezyville,Storm Gale,Airland,contact@breezeflow.systems,Utilities,4455667791,2,0.8823529411764706
104,D2,217,BreezeFlow Systemz,93 Windy Way,Breezyville,Storm Gale,Airland,contact@breezeflow.systems,Utilities,4455667791,2,0.8823529411764706
102,D2,15,AdventureWorld Tours,707 Journey St,Explore City,Wendy Lust,Travelia,info@adventureworld.com,Travel,1555666777,2,0.8947368421052632
102,D1,16,AdventureWorld Tourz,707 Journey St,Explore City,Wendy Lust,Travelia,contact@adventureworld.com,Travel,1555666777,2,0.8947368421052632
51,D1,1269,Media Magic,1000 Broadcast Blvd,Media City,Media Star,Mediatopia,info@mediamagic.com,Media,8899001122,3,0.9
51,D2,1265,Media Magic,909 Broadcast Blvd,Media City,Mike Media,Mediatopia,info@mediamagic.com,Media,5566778899,3,0.9
51,D1,1271,Media Magik,1000 Broadcast Blvd,Media City,Media Star,Mediatopia,contact@mediamagik.com,Media,8899001122,3,0.9
101,D2,1823,TravelQuest Adventures,1515 Adventure Road,Travel City,Quest Explorer,Tourland,info@travelquest.adv,Tourism,9988776655,2,0.9047619047619048
101,D1,1825,TravelQuest Adventurez,1515 Adventure Rd,Travel City,Quest Explorer,Tourland,contact@travelquest.adv,Tourism,9988776655,2,0.9047619047619048
99,D1,1221,LivingSpaces,62 Living St,HomeCity,Space Designer,Houseland,info@livingspaces.com,Real Estate,1213141523,2,0.9090909090909091
99,D2,1221,LivingSpacess,62 Living St,HomeCity,Space Designer,Houseland,contact@livingspaces.com,Real Estate,1213141523,2,0.9090909090909091
100,D1,1432,SecureFinanc,1212 Wealth Street,Finance City,Chris Cyan,Moneyland,info@securefinanc.com,Finance,1434455667,2,0.9090909090909091
100,D1,1433,SecureFinance,1212 Wealth St,Finance City,Chris Cyan,Moneyland,contact@securefinance.com,Finance,1434455667,2,0.9090909090909091
96,D1,269,BuildPro Services,654 Pro Rd,Build City,Casey Pro,ProLand,contact@buildpro.com,Construction,3344556677,2,0.9375
96,D2,274,BuildPro Servicess,654 Pro Road,Build City,Casey Pro,ProLand,contact@buildpro.com,Construction,3344556677,2,0.9375
97,D2,660,EduSmart Learning,400 Knowledge St,Learnville,Prof. Wise,EduNation,info@edusmart.edu,Education,2233445566,2,0.9375
97,D1,650,EduSmart Learnings,101 Knowledge Blvd,Learnville,Professor Wise,Educatia,contact@edusmart.learn,Education,2233445566,2,0.9375
98,D1,1528,SmartEdu Services,102 Learning Ave,Knowledge Town,Alex Teach,Learnia,support@smarteduservices.com,Education,4455667789,2,0.9375
98,D2,1526,SmartEdu Servicess,102 Learning Avenue,Knowledge Town,Alex Teach,Learnia,support@smarteduservices.com,Education,4455667789,2,0.9375
94,D1,1347,PurplePeak Finance,202 Purple Ave.,PurpleCity,Purple Banker,PurpleLand,contact@purplepeak.com,Finance,4400440055,2,0.9411764705882353
94,D2,1359,PurplePeak Finances,202 Purple Avenue,PurpleCity,Purple Banker,PurpleLand,info@purplepeak.com,Finance,4400440055,2,0.9411764705882353
95,D2,1525,SmartEdu Institute,305 Learning Ln,Eduville,Jamie Teach,Learnland,support@smartedu.sch,Education,4455667789,2,0.9411764705882353
95,D1,1527,SmartEdu Institutes,305 Learning Lane,Eduville,Jamie Teach,Learnland,support@smartedu.school,Education,4455667789,2,0.9411764705882353
93,D2,1358,PureStream Services,103 Waterway Blvd,Hydro City,Taylor Brooks,Aquatica,contact@purestream.com,Utilities,1122334457,2,0.9444444444444444
93,D1,1346,PureStream Servicess,103 Waterway Blvd,Hydro City,Taylor Brooks,Aquatica,contact@purestream.co,Utilities,1122334457,2,0.9444444444444444
54,D1,1312,MountainPeak Adventures,505 Summit St,Highland,Climber Hill,Mountland,contact@mountainpeak.adventures,Tourism,6677889900,3,0.9545454545454546
54,D1,1313,MountainPeak Adventurez,505 Summit Street,Highland,Climber Hill,Mountland,info@mountainpeak.adventures,Tourism,6677889900,3,0.9545454545454546
54,D2,1313,MountainPeak Adventurez,505 Summit Street,Highland,Climber Hill,Mountland,info@mountainpeak.adventures,Tourism,6677889900,3,0.9545454545454546
0,D1,18,AeroDynamics Corp,127 Skyway Blvd,AeroCity,Alex Sky,Skyland,info@aerodynamicscorp.com,Aerospace,6655443326,2,1.0
0,D2,21,AeroDynamics Corp,103 Skyway Blvd.,AeroCity,Sam B. Blue,Skyland,support@aerodynamicscorp.com,Aerospace,9900334458,2,1.0
1,D1,42,AgriGroth Farms,789 Harvest Lane,Farmville,Farmer Fields,Agroland,support@agrigrowth.farm,Agriculture,1990044556,2,1.0
1,D2,39,AgriGroth Farms,600 Harvest Rd,Farmville,Agro Corp,Agroland,contact@agrigrowthfarms.com,Agriculture,4455667788,2,1.0
2,D1,65,Agriculture Innovators,33 Farm Rd,Agro City,Farmer Joe,Farmland,info@agricultureinnovators.com,Agriculture,6655443322,2,1.0
2,D2,65,Agriculture Innovators,1010 Farm Ln,Agro City,Farmer Agro,Farmland,contact@agricultureinnovators.ag,Agriculture,3456789013,2,1.0
3,D1,86,Aqua Marine Services,600 Ocean Dr,Marine City,Chris Ocean,Sealand,contact@aquamarineservices.com,Marine,6667686970,2,1.0
3,D2,84,Aqua Marine Services,987 Ocean Dr,Marine City,Chris Ocean,WaterLand,contact@aquamarineservices.com,Marine,6677889900,2,1.0
5,D1,118,Artistry,1600 Canvas Ln,Art City,Pat Art,Creativeland,info@artistry.com,Art,1616171819,2,1.0
5,D2,117,Artistry,1010 Canvas St,ArtCity,Arty Paint,Creativeland,hello@artistry.com,Art,1112131415,2,1.0
7,D1,228,BrightFuture Innovations,321 Knowledge Ave,EduCity,Liam Johnson,LearnLand,innovate@brightfuture.edu,Technology,1234567891,2,1.0
7,D2,239,BrightFuture Innovations,322 Knowledge Ave,EduCity,John Johnson,LearnLand,info@brightfuture.edu,Technology,1234567892,2,1.0
8,D1,230,BrightFuture Ventures,325 Knowledge Ave,EduCity,Liam Johnson,LearnLand,ventures@brightfuture.edu,Technology,1234567897,2,1.0
8,D2,242,BrightFuture Ventures,321 Knowledge Ave,EduCity,Liam Johnson,LearnLand,ventures@brightfuture.edu,Finance,1234567891,2,1.0
9,D1,260,BuildLand Architects,406 Build St,Construct City,Morgan Design,BuildLand,contact@buildlandarchitects.com,Construction,2233445572,2,1.0
9,D2,266,BuildLand Architects,406 Build St,Construct City,Morgan Design,BuildLand,contact@buildlandarchitects.com,Construction,2233445572,2,1.0
10,D1,277,BuildRite Enterprises,456 Right Way,Build City,Sam Right,Constructia,contact@buildrite.com,Construction,1122334455,2,1.0
10,D2,279,BuildRite Enterprises,456 Right Way,Build City,Sam Right,Constructia,contact@buildrite.com,Construction,1122334455,2,1.0
11,D1,280,BuildSmart Co.,1122 Builder's Way,Constructopolis,Taylor Jordan,Buildland,info@buildsmart.com,Construction,5566778894,2,1.0
11,D2,283,BuildSmart Co.,331 Builder Street,Constructopolis,Taylor Morgan,Buildland,contact@buildsmart.com,Construction,5566778895,2,1.0
12,D1,281,BuildSmart Construction,1200 Builder Blvd,Construct City,Build Corp,Buildland,contact@buildsmart.com,Construction,4455667804,2,1.0
12,D2,284,BuildSmart Construction,159 Builder Blvd,Construct City,Construct Holdings,Buildland,support@buildsmart.com,Construction,7890123456,2,1.0
13,D1,285,BuildSmart Developments,203 Build Lane,Constructopolis,Builder Alice,Buildland,developments@buildsmart.com,Construction,6667778889,2,1.0
13,D2,287,BuildSmart Developments,211 Build Lane,Constructopolis,Builder Ian,Buildland,developments@buildsmart.com,Construction,6667778897,2,1.0
14,D2,269,BuildLand Enterprises,123 Builder St,Construct City,Jamie Construct,Buildland,info@buildlandenterprises.com,Construction,2233445566,2,1.0
14,D1,304,Buildland Enterprises,307 Builder Ave,Construct City,Jamie Builder,Buildland,contact@buildlandenterprises.co,Construction,1122446688,2,1.0
15,D1,318,Care Solutions Group,814 Health Blvd,Health City,Nurture Well,Healthland,support@caresolutions.health,Healthcare,9988776659,2,1.0
15,D2,323,Care Solutions Group,814 Health Blvd,Health City,Nurturer Heal,Healthland,support@caresolutions.health,Healthcare,9988776659,2,1.0
16,D1,370,Construct Innovators,608 Build St,Construct City,Innovate Builder,Buildland,contact@constructinnovators.build,Construction,9012345680,2,1.0
16,D2,378,Construct Innovators,608 Build St,Construct City,Innovate Builder,Buildland,contact@constructinnovators.build,Construction,9012345680,2,1.0
18,D1,399,Constructo Design,330 Builder Street,Constructopolis,Jordan Alex,Buildland,design@constructo.con,Construction,5566778892,2,1.0
18,D2,402,Constructo Design,335 Builder St.,Constructopolis,Alex J.,Buildland,design@constructo.com,Construction,5566778897,2,1.0
19,D1,449,Digital Ventures,951 Tech Park,Innovation City,Alex Digital,Techland,contact@digitalventures.com,Technology,1122446688,2,1.0
19,D2,468,Digital Ventures,951 Tech Park,Innovation City,Alex Digital,Techland,contact@digitalventures.com,Technology,1122446688,2,1.0
20,D1,511,EcoBuild Construction,78 Build Street,Constructville,Builder Bob,Buildland,info@ecobuild.construct,Construction,3344556677,2,1.0
20,D1,512,EcoBuild Constructions,789 Builder St,Construct City,Builder Bob,Buildland,contact@ecobuild.con,Construction,1122334455,2,1.0
21,D1,532,EcoDrive Innovations,511 Drive Blvd,Motor City,Alex Motor,Autoland,innovations@ecodrive.auto,Automotive,1333444558,2,1.0
21,D2,534,EcoDrive Innovations,511 Drive Blvd,Motor City,Alex Motor,Autoland,innovations@ecodrive.auto,Automotive,1333444558,2,1.0
22,D1,554,EcoHarvest Co.,457 Farm Lane,Greenville,Jamie Fields,EcoLand,info@ecoharvest.org,Agriculture,9876543211,2,1.0
22,D2,562,EcoHarvest Co.,457 Farm Lane,Greenville,Jamie Meadows,EcoLand,contact@ecoharvest.org,Agriculture,9876543211,2,1.0
23,D1,563,EcoLife Innovations,106 Green Street,EcoCity,Sam Eco,EcoLand,innovations@ecolife.com,Consumer Goods,9900112238,2,1.0
23,D2,579,EcoLife Innovations,111 Green Street,EcoCity,Jordan Eco,EcoLand,innovations@ecolife.com,Consumer Services,9900112243,2,1.0
24,D1,628,EduLearn Academy,654 Knowledge Ave,Learnville,Prof. Wise,USA,info@edulearn.academy,Education,1334455667,2,1.0
24,D2,643,EduLearn Academy,404 Knowledge Blvd,Learnville,Professor Wise,Educatia,contact@edulearn.edu,Education,3344556677,2,1.0
25,D2,644,EduLearn Corp,654 Knowledge Rd,Learn City,Edu Holdings,EduLand,info@edulearn.com,Education,16005556789,2,1.0
25,D1,629,EduLearn Corp.,34 Knowledge Blvd,LearnCity,Prof. Teach,EduNation,contact@edulearn.com,Education,5566778899,2,1.0
26,D1,660,EduTech Learnin,654 Knowledge Road,Learn City,Prof. Edu Wise,EduLand,info@edutechlearnin.com,Education,1334455667,2,1.0
26,D2,670,EduTech Learnin,101 Knowledge Avenue,LearnCity,Prof. Edu Wise,EduNation,contact@edutech.com,Education,6677889900,2,1.0
27,D1,676,Entertainment Hub,741 Fun Street,Entertainment City,Fun Director,Funland,support@entertainmenthub.fun,Entertainment,1213141516,2,1.0
27,D2,694,Entertainment Hub,1111 Fun St,Entertainment City,Entertainer Fun,Funland,info@entertainmenthub.fun,Entertainment,4567890124,2,1.0
28,D2,714,Farm Fresh Co,80 Harvest Road,Farmville,Farmer Fields Jr.,Agroland,support@farmfresh.co,Agriculture,3344556679,2,1.0
28,D1,697,Farm Fresh Co.,80 Harvest Rd,Farmville,Farmer Fields Jr.,Agroland,hello@farmfresh.co,Agriculture,3344556679,2,1.0
29,D1,708,Fashion Forward Inc.,206 Style St,Trend City,Mode Fashionista,Fashionland,support@fashionforward.fashion,Fashion,5678905680,2,1.0
29,D2,732,Fashion Forward Inc.,202 Style St,Trend City,Stylist Trend,Fashionland,contact@fashionforward.fashion,Fashion,5678901234,2,1.0
30,D1,709,Fashion Forward Ltd,909 Style St,Fashion City,Style Icon,Trendland,info@fashionforward.com,Fashion,9012345678,2,1.0
30,D2,733,Fashion Forward Ltd.,654 Style St,Trend City,Style Icon,Fashionland,contact@fashionforward.ltd,Fashion,9988773344,2,1.0
31,D1,716,Fashion Pioneers,410 Style Street,Fashion City,Trend Icon,Trendland,pioneers@fashionpioneers.fashion,Fashion,8889990007,2,1.0
31,D2,738,Fashion Pioneers,742 Fashion Blvd,Style City,Alex Trend,Trendland,info@fashionpioneers.com,Retail,1323344556,2,1.0
32,D1,722,FashionFoward,654 Style St.,Fashion City,Sophia Taylor,StyleLand,contact@fashionfoward.com,Retail,5678901234,2,1.0
32,D2,741,FashionFoward,654 Style St.,Fashion City,Sophia Taylor,StyleLand,contact@fashionfoward.com,Retail,5678901234,2,1.0
34,D1,755,FinTech Pioneers,404 Money Rd,Wealth City,Banker Wealth,Finland,support@fintechpioneers.finance,Finance,7890123456,2,1.0
34,D2,771,FinTech Pioneers,900 Money Ave,Wealth City,Banker Future,Finlandia,info@fintechpioneers.finance,Finance,5566778899,2,1.0
35,D1,776,Fitness Fanatics,1515 Muscle Street,Fit City,Fit Trainer,Healthland,contact@fitnessfanatics.com,Health & Fitness,5567890123,2,1.0
35,D2,785,Fitness Fanatics,951 Fit Ave,Health City,Fit Trainer,Fitland,contact@fitnessfanatics.com,Health & Wellness,8899001122,2,1.0
36,D1,798,FlowDynamics Inc.,789 Canal Avenue,Watertown,Lake Smith,Hydroland,info@flowdynamics.water,Utilities,9988776655,2,1.0
36,D2,806,FlowDynamics Inc.,789 Canal Avenue,Watertown,Brook Lake,Hydroland,info@flowdynamics.water,Utilities,9988776657,2,1.0
37,D1,871,Gastronomy Hub,654 Taste Avenue,Culinary City,Chef Spice,Foodland,contact@gastronomyhub.com,Food & Beverage,6677889904,2,1.0
37,D2,875,Gastronomy Hub,654 Taste Ave,Culinary City,Chef Spice,Foodland,info@gastronomyhub.com,Food & Beverage,6677889904,2,1.0
38,D1,872,GearTech Innovations,132 Innovation Drive,Techville,Taylor Gear,Innovatia,support@geartech.com,Technology,1234567897,2,1.0
38,D2,877,GearTech Innovations,104 Innovation Dr,Techville,Taylor Gear,Innovatia,contact@geartech.tech,Technology,1234567893,2,1.0
39,D1,977,GreenField Innovations,125 Harvest Road,AgroCity,Field Crop,FarmLand,contact@greenfieldinnovations.com,Agriculture,5566773346,2,1.0
39,D2,973,GreenField Innovations,125 Harvest Rd,AgroCity,Field Crop,FarmLand,support@greenfieldinnovations.com,Agriculture,5566773346,2,1.0
40,D1,979,GreenFuture,707 Green Energy Rd,EcoCity,Eco Leader,GreenLand,contact@greenfuture.com,Renewable Energy,7700770011,2,1.0
40,D2,979,GreenFuture,1010 Green Way,EcoCity,Future Ventures,GreenLand,contact@greenfuture.com,Renewable Energy,9900889900,2,1.0
41,D1,992,GreenLeaf Agriculture,300 Farm Lane,Agro Town,Sam Farmer,Farmville,contact@greenleaf.com,Agriculture,1987654321,2,1.0
41,D2,989,GreenLeaf Agriculture,456 Farm Road,Agro Town,Sam Farmer,Farmville,info@greenleaf.com,Agriculture,9876543210,2,1.0
42,D1,1046,Harvest Organics,722 Farm Lane,Harvest,Farmer Orange,Agroland,info@harvestorganics.co,Agriculture,1112131430,2,1.0
42,D2,1037,Harvest Organics,713 Farm Lane,Harvest,Farmer Organic,Agroland,info@harvestorganics.com,Agriculture,1112131420,2,1.0
43,D2,1061,Health First Corp,456 Wellness Ave,Healthtown,John Health,Careland,info@healthfirst.com,Healthcare,9876543210,3,1.0
43,D1,1069,Health First Corp.,789 Wellness Blvd,Healthtown,Pat Heal,CareLand,support@healthfirst.com,Healthcare,3344556677,3,1.0
43,D2,1062,Health First Corp.,789 Wellness Blvd,Healthtown,Pat Health,Careland,contact@healthfirst.com,Healthcare,1122334455,3,1.0
44,D1,1072,Health Haven,321 Wellness Rd,Health City,Dr. Well Being,Careland,support@healthhaven.com,Healthcare,1122446688,2,1.0
44,D2,1065,Health Haven,404 Wellness Way,Health City,Dr. Care,Careland,info@healthhaven.com,Healthcare,2233445566,2,1.0
45,D1,1077,Health Partners,4003 Wellness Way,Health City,Care Group,Careland,info@healthpartners.com,Healthcare,6600445569,2,1.0
45,D2,1069,Health Partners,1010 Wellness Blvd,Health City,Dr. Wellness,Careland,partners@healthpartners.care,Healthcare,1122334455,2,1.0
46,D1,1102,HealthPlus Clinics,303 Wellness Blvd,Health City,Dr. Heal,Careland,info@healthplus.com,Healthcare,1122334455,2,1.0
46,D2,1092,HealthPlus Clinics,321 Wellness Blvd,Health City,Dr. Wellness,USA,info@healthplus.com,Healthcare,1122334456,2,1.0
47,D1,1129,Horizon Learning Center,408 Knowledge Blvd,Learnville,Wise Eagle,EduNation,contact@horizonlearning.edu,Education,8899001145,2,1.0
47,D2,1117,Horizon Learning Center,408 Knowledge Blvd,Learnville,Wise Eagle,EduNation,info@horizonlearning.edu,Education,8899001155,2,1.0
48,D1,1139,HydroTech Solutions,456 Stream Street,Watertown,River Brooks,Hydroland,support@hydrotech.water,Utilities,9988776655,2,1.0
48,D2,1130,HydroTech Solutions,789 Stream Blvd,Watertown,River Brook,Hydroland,hello@hydrotech.solutions,Utilities,9988776655,2,1.0
50,D1,1227,Logistics Leaders,1200 Transport Rd,Logistics City,Mover Shaker,Moveland,contact@logisticsleaders.log,Logistics,1234567890,2,1.0
50,D2,1230,Logistics Leaders,357 Transport Rd,Logistics City,Mover Shaker,Moveland,contact@logisticsleaders.com,Logistics,1122334455,2,1.0
52,D1,1280,MediaHub,606 Broadcast Blvd,MediaCity,News Anchor,BroadcastLand,contact@mediahub.com,Media,1112233445,2,1.0
52,D2,1276,MediaHub,606 Broadcast Blvd,MediaCity,Ivy Reporter,NewsLand,contact@mediahub.com,Media,7788990011,2,1.0
53,D1,1282,MediaHub Productions,1100 Broadcast Ln,Media City,Media Mogul,Mediatopia,contact@mediahubproductions.com,Media,6677889900,2,1.0
53,D2,1278,MediaHub Productions,123 Broadcast Blvd,Media City,Producer Show,USA,info@mediahubproductions.com,Media,1101122334,2,1.0
55,D1,1335,Peak Performance,101 Fitness Drive,Sportstown,Jordan Athlete,Athletica,info@peakperformance.com,Sports,1444555777,2,1.0
55,D2,1332,Peak Performance,700 Fitness Ln,Sport City,Jordan Peak,Fitland,info@peakperformance.com,Sports,7778798081,2,1.0
56,D1,1337,PetCare Vets,909 Pet Street,Petville,Dr. Paws,Animalland,info@petcare.vet,Veterinary,1314151617,2,1.0
56,D2,1336,PetCare Vets,1212 Pet St,Petville,Dr. Paws,Animalland,contact@petcare.vet,Veterinary,1223456789,2,1.0
57,D1,1350,Quantum Enterprises,129 Innovation Drive,Techville,Taylor Quantum,Futuristan,contact@quantum.enterprises,Information Technology,1234567894,2,1.0
57,D2,1360,Quantum Enterprises,137 Innovation Drive,Techville,Taylor Quantum,Futuristan,info@quantumenterprises.com,Information Technology,1234567804,2,1.0
58,D1,1355,Quantum Networks,137 Innovation Drive,Techville,Jordan Quantum,Futuristan,networks@quantum.com,Information Technology,1234567899,2,1.0
58,D2,1367,Quantum Networks,133 Innovation Drive,Techville,Morgan Quantum,Futuristan,networks@quantum.com,Information Technology,1234567800,2,1.0
59,D1,1356,Quantum Solutions,127 Innovation Drive,Techville,Jordan Quantum,Futuristan,support@quantum.solutions,Information Technology,1234567893,2,1.0
59,D2,1368,Quantum Solutions,126 Innovation Drive,Techville,Jordan Quantum,Futuristan,support@quantum.solutions,Information Technology,1234567893,2,1.0
60,D1,1385,Retail Realm,1212 Shop Street,Retail City,Shop Keeper,Shopland,info@retailrealm.com,Retail,6632334455,2,1.0
60,D2,1397,Retail Realm,159 Shop Ave,Retail City,Ms. Shop Keeper,Shopland,info@retailrealm.com,Retail,2111222333,2,1.0
61,D1,1502,Skyline Logistics,410 Build St,Construct City,Taylor Erect,BuildLand,logistics@skyline.com,Logistics,2233445583,2,1.0
61,D2,1497,Skyline Logistics,407 Build St,Construct City,Taylor Erect,BuildLand,logistics@skyline.com,Logistics,2233445573,2,1.0
62,D1,1503,Skyline Real Estate,410 Build St,Construct City,Taylor Erect,BuildLand,realestate@skyline.com,Real Estate,2233445582,2,1.0
62,D2,1499,Skyline Real Estate,410 Build St,Construct City,Taylor Erect,BuildLand,realestate@skyline.com,Real Estate,2233445576,2,1.0
63,D1,1524,SmartBuild Innovations,124 Smart St,Smart City,Jordan Smart,Smartland,info@smartbuild.com,Construction,5566778899,2,1.0
63,D2,1524,SmartBuild Innovations,134 Smart St,Smart City,Morgan Smart,Smartland,info@smartbuildinnovations.com,Construction,5566778899,2,1.0
64,D1,1586,Style Innovators Ltd,505 Style Street,Trend City,Creative Trendsetter,Fashionland,info@styleinnovators.com,Fashion,3344556677,2,1.0
64,D1,1587,Style Innovators Ltd.,205 Style St,Trend City,Fashionista Mode,Fashionland,info@styleinnovators.fashion,Fashion,5678905679,2,1.0
65,D1,1601,Summit Explorers,505 Summit St,Highland,Hiker Dale,Mountland,explore@summitadventures.com,Tourism,6677889901,2,1.0
65,D2,1587,Summit Explorers,505 Summit St,Highland,Hiker Dale,Mountland,explore@summitadventures.com,Tourism,6677889901,2,1.0
66,D1,1646,Tasteful Treetz,789 Savory Lane,Culinary City,Chef Spice,Foodland,contact@tastefultreats.com,Food & Beverage,6677889906,2,1.0
66,D2,1626,Tasteful Treetz,789 Savory Lane,Culinary City,Chef Spice,Foodland,contact@tastefultreats.com,Food & Beverage,6677889906,2,1.0
67,D1,1655,Tech Innovations,951 Tech Park,Innovation City,Jordan Digital,Techland,support@techinnovations.com,Technology,1122446688,2,1.0
67,D2,1636,Tech Innovations,951 Tech Park,Innovation City,Jordan Digital,Techland,support@techinnovations.com,Technology,1122446688,2,1.0
68,D1,1658,Tech Innovators Associates,456 Tech Ave,Innovate City,Alex Associate,Techland,associates@techinnovators.com,Technology,1234567896,2,1.0
68,D2,1641,Tech Innovators Associates,130 Tech Ave,Techville,Tech Leader,Techland,associates@techinnovators.tech,Technology,9023456796,2,1.0
69,D2,1643,Tech Innovators Inc,101 Innovation Drive,TechVille,Innovate Holdings,InnovLand,info@techinnovators.com,Technology,1234567890,2,1.0
69,D1,1661,Tech Innovators Inc.,123 Silicon Ave,Techville,Alex Code,InnovateLand,info@techinnovators.com,Technology,1122334455,2,1.0
70,D1,1666,Tech Innovators Ltd,102 Tech Park,Innovate City,Jamie Lee,Techland,contact@techinnovators.com,Technology,1122334456,2,1.0
70,D2,1647,Tech Innovators Ltd,132 Tech Avenue,Innovate City,Jamie Lee,Techland,ltd@techinnovators.com,Technology,1234567899,2,1.0
71,D1,1698,TechEdu Innovations,654 Knowledge Rd,Learn City,Dr. Edu Smart,EduLand,support@techeduinnovations.com,Education,1334455667,2,1.0
71,D2,1681,TechEdu Innovations,102 Knowledge Ave,LearnCity,Dr. Edu Smart,EduNation,support@techedu.com,Education,6677889901,2,1.0
72,D1,1712,TechGrow,456 Silicon Avenue,TechVille,Alice Green,InnovLand,info@techgrow.com,Technology,1234567890,2,1.0
72,D2,1693,TechGrow,789 Silicon Ave,TechVille,Alice Green,InnovLand,contact@techgrow.com,Technology,1234567890,2,1.0
73,D1,1736,TechPioners,127 Innovation Dr.,Techville,Alexis Quantum,Futuristan,contact@techpioners.com,Information Technology,1234567894,2,1.0
73,D2,1722,TechPioners,127 Innovation Dr.,Techville,Alexis Quantum,Futuristan,contact@techpioners.com,Information Technology,1234567894,2,1.0
74,D1,1781,TechnoGears Innovations,160 Innovation Drive,Techville,Jordan Gear,Innovatia,innovations@technogears.com,Technology,1234567822,2,1.0
74,D2,1768,TechnoGears Innovations,130 Innovation Drive,Techville,Casey Tech,Innovatia,innovations@technogears.com,Technology,1234567897,2,1.0
75,D1,1782,TechnoGears Ltd,123 Innovation Drive,Techville,Innovate Holdings,Innovatia,contact@technogears.com,Technology,1234567890,2,1.0
75,D1,1783,TechnoGears Ltd.,104 Innovation Drive,Techville,Taylor Gear,Innovatia,hello@technogears.tech,Technology,1234567893,2,1.0
76,D1,1814,Travel Time,909 Journey Road,Travel City,Wander Lust,Wanderland,contact@traveltime.com,Travel,6699001122,2,1.0
76,D2,1809,Travel Time,1414 Journey Rd,Travel City,Wander Lust,Wanderland,contact@traveltime.com,Travel,1445566778,2,1.0
77,D1,1821,TravelExperts,1000 Journey Ln,Travel City,Jamie Journey,Wanderland,support@travelexperts.travel,Travel,8899001122,2,1.0
77,D2,1818,TravelExperts,951 Journey Road,Travel City,Jamie Journey,Wanderland,info@travelexperts.travel,Travel,8899001122,2,1.0
78,D1,1831,TravelWonders,22 Adventure Lane,Explore City,Wander Lust,Wanderland,contact@travelwonders.com,Travel,3344556677,2,1.0
78,D2,1831,TravelWonders,456 Adventure Rd,Wanderlust,Wander Lust,Traveland,info@travelwonders.com,Travel,5566778899,2,1.0
79,D1,1853,Urban Developers Co,987 Build Ave,Construct City,Builder Bob,Buildland,info@urbandevelopers.com,Construction,4455667788,2,1.0
79,D2,1862,Urban Developers Co.,321 Build Ave,Construct City,Bob Builder,Buildland,info@urbandevelopers.com,Construction,1223344556,2,1.0
80,D1,1858,Urban Development Co,400 Build Ave,Construct City,Mr. Builder,BuildLand,contact@urbandev.com,Construction,6699001122,2,1.0
80,D2,1865,Urban Development Co.,987 Build Ave,Constructville,Alex Builder,Buildland,info@urbandev.com,Construction,4455667788,2,1.0
81,D1,1876,Urban Tech Solutions,909 Innovation Dr,Tech City,Jordan Tech,Innovatia,solutions@urbantech.com,Technology,1333444555,2,1.0
81,D2,1883,Urban Tech Solutions,909 Innovation Dr,Tech City,Jordan Tech,Innovatia,contact@urbantechsolutions.com,Technology,1333444555,2,1.0
82,D1,1877,Urban Tek,909 Innovation Drive,Tech City,Jordan Tech,Innovatia,info@urbantek.com,Technology,1333444555,2,1.0
82,D2,1884,Urban Tek,909 Innovation Drive,Tech City,Jordan Tech,Innovatia,info@urbantek.com,Technology,1333444555,2,1.0
83,D1,1879,UrbanBuild,22 Builder St,Construct City,Builder Bob,Buildland,contact@urbanbuild.com,Construction,5566778899,2,1.0
83,D2,1886,UrbanBuild,78 Builder St,ConstructCity,Builder Bob,BuildLand,contact@urbanbuild.com,Construction,9876543210,2,1.0
84,D1,1900,UrbanEats Catering,700 Gourmet Rd,Foodville,Chef Urban,Culinary,info@urbaneats.catering,Food Services,9988776699,2,1.0
84,D2,1904,UrbanEats Catering,321 Gourmet St,Foodville,Jordan Cook,TasteLand,info@urbaneats.com,Food Services,3456789012,2,1.0
85,D1,1978,Wellness Plus,4001 Wellness Way,Health City,Care Group,Careland,contact@wellnessplus.com,Healthcare,6600445567,2,1.0
85,D2,1967,Wellness Plus,123 Care Street,Health City,Dr. Care,Careland,contact@wellnessplus.care,Healthcare,1122334455,2,1.0
86,D1,1985,WellnessFirst Group,1400 Wellness Way,HealthCity,Lucas Health,HealthLand,group@wellnessfirst.com,Healthcare,9900555566,2,1.0
86,D2,1977,WellnessFirst Group,1400 Wellness Way,HealthCity,Lucas Health,HealthLand,group@wellnessfirst.com,Healthcare,9900555566,2,1.0
89,D2,187,Blue Ocean Corp,45 Ocean Avenue,Seaside,John Blue,Atlantis,info@blueoceancorp.com,Marine,1234567890,2,1.0
89,D2,188,Blue Ocean Corp.,789 Ocean Ave,Seaside,John Blue,Aquatica,info@blueoceancorp.com,Marine,1234567890,2,1.0
90,D2,931,Green Future Corp,456 Green Road,Eco City,Ella Green,Greenland,future@greenfuture.com,Energy,9876543214,2,1.0
90,D2,932,Green Future Corp.,456 Greenway Dr.,Eco Town,Ella Green,Greenland,future@greenenergy.com,Renewable Energy,1234567897,2,1.0
91,D2,1081,HealthFirst Inc,101 Wellness Way,Healthtown,Jordan Health,Careland,info@healthfirst.com,Healthcare,6677889900,2,1.0
91,D2,1082,HealthFirst Inc.,456 Wellness Way,Healthtown,Dr. Heal,Careland,info@healthfirst.org,Healthcare,1987654321,2,1.0
